INSERT INTO projects ( id, title, category, funding_goal, start_date, end_date ) VALUES (1, "Project 1", "Cat1", 100,"05-11-67", "10-11-87");
INSERT INTO projects ( id, title, category, funding_goal, start_date, end_date ) VALUES (2, "Project 2", "Cat1", 101,"05-11-67", "10-11-87");
INSERT INTO projects ( id, title, category, funding_goal, start_date, end_date ) VALUES (3, "Project 3", "Cat1", 104,"05-11-67", "10-11-87");
INSERT INTO projects ( id, title, category, funding_goal, start_date, end_date ) VALUES (4, "Project 4", "Cat1", 106,"05-11-67", "10-11-87");
INSERT INTO projects ( id, title, category, funding_goal, start_date, end_date ) VALUES (5, "Project 5", "Cat1", 103,"05-11-67", "10-11-87");
INSERT INTO projects ( id, title, category, funding_goal, start_date, end_date ) VALUES (6, "Project 6", "Cat1", 108,"05-11-67", "10-11-87");
INSERT INTO projects ( id, title, category, funding_goal, start_date, end_date ) VALUES (7, "Project 7", "Cat1", 109,"05-11-67", "10-11-87");
INSERT INTO projects ( id, title, category, funding_goal, start_date, end_date ) VALUES (8, "Project 8", "Cat1", 102,"05-11-67", "10-11-87");
INSERT INTO projects ( id, title, category, funding_goal, start_date, end_date ) VALUES (9, "Project 9", "Cat1", 101,"05-11-67", "10-11-87");
INSERT INTO projects ( id, title, category, funding_goal, start_date, end_date ) VALUES (10, "Project 10", "Cat1", 10.50,"05-11-67", "10-11-87");

INSERT INTO users ( id, name, age ) VALUES ( 1, "Name 1", 10);
INSERT INTO users ( id, name, age ) VALUES ( 2, "Name 2", 10);
INSERT INTO users ( id, name, age ) VALUES ( 3, "Name 3", 10);
INSERT INTO users ( id, name, age ) VALUES ( 4, "Name 4", 10);
INSERT INTO users ( id, name, age ) VALUES ( 5, "Name 5", 10);
INSERT INTO users ( id, name, age ) VALUES ( 6, "Name 6", 10);
INSERT INTO users ( id, name, age ) VALUES ( 7, "Name 7", 10);
INSERT INTO users ( id, name, age ) VALUES ( 8, "Name 8", 10);
INSERT INTO users ( id, name, age ) VALUES ( 9, "Name 9", 10);
INSERT INTO users ( id, name, age ) VALUES ( 10, "Name 10", 11);
INSERT INTO users ( id, name, age ) VALUES ( 11, "Name 11", 110);
INSERT INTO users ( id, name, age ) VALUES ( 12, "Name 12", 101);
INSERT INTO users ( id, name, age ) VALUES ( 13, "Name 13", 11);
INSERT INTO users ( id, name, age ) VALUES ( 14, "Name 14", 11);
INSERT INTO users ( id, name, age ) VALUES ( 15, "Name 15", 11);
INSERT INTO users ( id, name, age ) VALUES ( 16, "Name 16", 11);
INSERT INTO users ( id, name, age ) VALUES ( 17, "Name 17", 11);
INSERT INTO users ( id, name, age ) VALUES ( 18, "Name 18", 11);
INSERT INTO users ( id, name, age ) VALUES ( 19, "Name 19", 11);
INSERT INTO users ( id, name, age ) VALUES ( 20, "Name 20", 11);


INSERT INTO pledges ( id, amount, user_id, project_id) VALUES ( 1, 10, 4, 5);
INSERT INTO pledges ( id, amount, user_id, project_id) VALUES ( 2, 10, 5, 6);
INSERT INTO pledges ( id, amount, user_id, project_id) VALUES ( 3, 10, 6, 7);
INSERT INTO pledges ( id, amount, user_id, project_id) VALUES ( 4, 10, 8, 8);
INSERT INTO pledges ( id, amount, user_id, project_id) VALUES ( 5, 10, 6, 9);
INSERT INTO pledges ( id, amount, user_id, project_id) VALUES ( 6, 10, 6, 3);
INSERT INTO pledges ( id, amount, user_id, project_id) VALUES ( 7, 10, 8, 3);
INSERT INTO pledges ( id, amount, user_id, project_id) VALUES ( 8, 10, 9, 3);
INSERT INTO pledges ( id, amount, user_id, project_id) VALUES ( 9, 10, 9, 3);
INSERT INTO pledges ( id, amount, user_id, project_id) VALUES ( 10, 10, 9, 4);
INSERT INTO pledges ( id, amount, user_id, project_id) VALUES ( 11, 10, 11,8 );
INSERT INTO pledges ( id, amount, user_id, project_id) VALUES ( 12, 10, 15,9 );
INSERT INTO pledges ( id, amount, user_id, project_id) VALUES ( 13, 10, 16,9 );
INSERT INTO pledges ( id, amount, user_id, project_id) VALUES ( 14, 10, 19, 9 );
INSERT INTO pledges ( id, amount, user_id, project_id) VALUES ( 15, 10, 19, 9);
INSERT INTO pledges ( id, amount, user_id, project_id) VALUES ( 16, 10, 19, 9);
INSERT INTO pledges ( id, amount, user_id, project_id) VALUES ( 17, 10, 3, 9);
INSERT INTO pledges ( id, amount, user_id, project_id) VALUES ( 18, 10, 1, 10);
INSERT INTO pledges ( id, amount, user_id, project_id) VALUES ( 19, 10, 16, 1);
INSERT INTO pledges ( id, amount, user_id, project_id) VALUES ( 20, 10, 16, 1);
INSERT INTO pledges ( id, amount, user_id, project_id) VALUES ( 21, 10, 11, 1);
INSERT INTO pledges ( id, amount, user_id, project_id) VALUES ( 22, 10, 17, 1);
INSERT INTO pledges ( id, amount, user_id, project_id) VALUES ( 23, 10, 18, 2);
INSERT INTO pledges ( id, amount, user_id, project_id) VALUES ( 24, 10, 18, 2);
INSERT INTO pledges ( id, amount, user_id, project_id) VALUES ( 25, 10, 3, 2);
INSERT INTO pledges ( id, amount, user_id, project_id) VALUES ( 26, 10, 3, 5);
INSERT INTO pledges ( id, amount, user_id, project_id) VALUES ( 27, 10, 3, 5);
INSERT INTO pledges ( id, amount, user_id, project_id) VALUES ( 28, 10, 3, 4);
INSERT INTO pledges ( id, amount, user_id, project_id) VALUES ( 29, 10, 7, 4);
INSERT INTO pledges ( id, amount, user_id, project_id) VALUES ( 30, 10, 7, 4);
